event_time,concept:name,activity_uuid,dataset_timestamp,occupancy_count,ambient_light_lux,current_light_lumen,lumen_sent,gt_target,gt_target_min,gt_target_max,match,lumen_source
2026-06-01T09:53:43.365369+02:00,Set lumen to 0,49347d534542b9586f8f500b8c68b58e,2026-05-19T22:30:00,0,4.8,0,0,0-0,0,0,True,calling-data
2026-06-01T09:54:24.533813+02:00,Change Lumens,237c15710b8a80d62c933291a748247d,2026-05-20T05:35:18,,,,33,,,,,calling-data
2026-06-01T09:54:45.077829+02:00,Change Lumens,bb42b5864e924990e2030ea2f0b8ec07,2026-05-20T09:00:00,1,356.8,0,622,0-1084,0,1084,True,calling-data
2026-06-01T09:54:46.242647+02:00,Change Lumens,c8caa998c1420fba3207f01846336317,2026-05-20T09:00:00,1,356.8,0,622,0-1084,0,1084,True,calling-data
2026-06-01T09:54:47.429609+02:00,Change Lumens,de35ab58f33147d3afb3b5c0619161f7,2026-05-20T09:30:00,1,440.7,327,411,0-449,0,449,True,calling-data
2026-06-01T09:54:48.632037+02:00,Change Lumens,52d99d036535e3a6ee33d4f2b2083229,2026-05-20T09:30:00,1,440.7,327,411,0-449,0,449,True,calling-data
2026-06-01T09:54:49.802135+02:00,Change Lumens,443af6e57399b7d8df7900dc9f061ffe,2026-05-20T09:30:00,1,440.7,327,411,0-449,0,449,True,calling-data
2026-06-01T09:54:51.005309+02:00,Change Lumens,095a484924b9a328964717d83bfc597a,2026-05-20T10:00:00,1,286.1,19,1249,106-1620,106,1620,True,calling-data
2026-06-01T09:54:52.198681+02:00,Change Lumens,e83636529e7547636cc5e506c4df0136,2026-05-20T10:00:00,1,286.1,19,1249,106-1620,106,1620,True,calling-data
2026-06-01T09:54:53.380964+02:00,Change Lumens,d668b3c137d5ffb30d50864458d6a228,2026-05-20T10:30:00,2,550.9,882,131,0-0,0,0,False,calling-data
2026-06-01T09:54:54.570942+02:00,Change Lumens,bd856ebfaa27d7be808f9bb5e9259a82,2026-05-20T10:30:00,2,550.9,882,131,0-0,0,0,False,calling-data
2026-06-01T09:54:55.750991+02:00,Change Lumens,0bdf7c135b39ea83f18803827055de04,2026-05-20T10:30:00,2,550.9,882,131,0-0,0,0,False,calling-data
2026-06-01T09:55:00.366987+02:00,Change Lumens,8e7711efb994ed46d58644d58ab14882,2026-05-20T11:30:00,2,266.1,0,1452,257-1772,257,1772,True,calling-data
2026-06-01T09:55:01.552215+02:00,Change Lumens,92e514be9757bd4b8de89c9cb04008ed,2026-05-20T11:30:00,2,266.1,0,1452,257-1772,257,1772,True,calling-data
2026-06-01T09:55:06.129898+02:00,Change Lumens,2d18c16143b3372a9c15653c9605fcc0,2026-05-20T12:30:00,3,277.9,0,1414,168-1682,168,1682,True,calling-data
2026-06-01T09:55:07.318500+02:00,Change Lumens,c3a806e057bdc9e1bc09544539abfb24,2026-05-20T12:30:00,3,277.9,0,1414,168-1682,168,1682,True,calling-data
2026-06-01T09:55:11.875112+02:00,Change Lumens,9c0201b8a913df67a20395dcc80c08a3,2026-05-20T13:30:00,3,286.0,0,1291,107-1621,107,1621,True,calling-data
2026-06-01T09:55:13.058266+02:00,Change Lumens,921d9770169d6d32f425bb50439c7a51,2026-05-20T13:30:00,3,286.0,0,1291,107-1621,107,1621,True,calling-data
2026-06-01T09:55:14.238711+02:00,Change Lumens,5061316c2ac61700d19629fc600896ad,2026-05-20T13:30:00,3,286.0,0,1291,107-1621,107,1621,True,calling-data
2026-06-01T09:55:26.695492+02:00,Change Lumens,a872bbd05322bd9a9be4c33bde6c43e8,2026-05-20T16:00:00,2,158.4,0,722,316-1072,316,1072,True,calling-data
2026-06-01T09:55:27.870441+02:00,Change Lumens,c80e13e07cea52a4ae6b6ddd3c1c41e7,2026-05-20T16:00:00,2,158.4,0,722,316-1072,316,1072,True,calling-data
2026-06-01T09:55:29.056276+02:00,Change Lumens,7dc4c235e1a58892eacec4663169971d,2026-05-20T16:00:00,2,158.4,0,722,316-1072,316,1072,True,calling-data
2026-06-01T09:55:30.216027+02:00,Change Lumens,c3070afdde76a059929505b1ab2c8377,2026-05-20T16:30:00,2,268.2,694,571,0-240,0,240,False,calling-data
2026-06-01T09:55:31.396072+02:00,Change Lumens,7e40e46ea1647a4a05d19a75430e44ea,2026-05-20T16:30:00,2,268.2,694,571,0-240,0,240,False,calling-data
2026-06-01T09:55:39.263674+02:00,Change Lumens,8fc5646592f768f9b22fbd3c1588ebbf,2026-05-20T18:00:00,2,140.6,0,649,451-1207,451,1207,True,calling-data
2026-06-01T09:55:41.453157+02:00,Change Lumens,9916b508889212924b14903635577efb,2026-05-20T18:30:00,1,240.9,829,635,0-447,0,447,False,calling-data
2026-06-01T09:55:42.622435+02:00,Change Lumens,6730a1909289a99c79f4bdad7ca48194,2026-05-20T18:30:00,1,240.9,829,635,0-447,0,447,False,calling-data
2026-06-01T09:55:44.738439+02:00,Set lumen to 0,096109cf7fe63a65fb018fda9817b99c,2026-05-20T19:00:00,0,348.3,898,0,0-0,0,0,True,calling-data
2026-06-01T09:56:00.646821+02:00,Change Lumens,b1a32b6fb9ddaa071f334b5362612ab1,2026-05-20T21:30:00,1,267.7,0,48,0-244,0,244,True,calling-data
2026-06-01T09:56:01.821823+02:00,Change Lumens,0447dc532423f388fc5e982a99169d18,2026-05-20T21:30:00,1,267.7,0,48,0-244,0,244,True,calling-data
2026-06-01T09:56:03.937122+02:00,Set lumen to 0,9ab719be6319a2236dce90c7c1e2a278,2026-05-20T22:00:00,0,13.5,0,0,0-0,0,0,True,calling-data
2026-06-01T09:56:54.774639+02:00,Change Lumens,919c25a500b06594cd753b6b6a3f7593,2026-05-21T06:30:00,1,178.0,606,189,0-166,0,166,False,calling-data
2026-06-01T09:57:09.081261+02:00,Change Lumens,f93300230b8af80eeb1d1765b6565588,2026-05-21T09:00:00,2,175.9,0,1955,941-2455,941,2455,True,calling-data
2026-06-01T09:57:11.283757+02:00,Change Lumens,4eb2b5ea745208e754f27d7aa1947e78,2026-05-21T09:30:00,2,447.8,1698,1627,0-395,0,395,False,calling-data
2026-06-01T09:57:12.466559+02:00,Change Lumens,f05b4ce6aceacc45142b4a5e7f73bae8,2026-05-21T09:30:00,2,447.8,1698,1627,0-395,0,395,False,calling-data
2026-06-01T09:57:14.638757+02:00,Change Lumens,288e2d88f43f15b5c83dbe150ca1e752,2026-05-21T10:00:00,2,374.8,1336,1827,0-948,0,948,False,calling-data
2026-06-01T09:57:15.825247+02:00,Change Lumens,da303744118a556503108c4a044e73a1,2026-05-21T10:00:00,2,374.8,1336,1827,0-948,0,948,False,calling-data
2026-06-01T09:57:18.035566+02:00,Change Lumens,ff8fd99239334205adf9b567509d54b2,2026-05-21T10:30:00,2,526.3,1527,886,0-0,0,0,False,calling-data
2026-06-01T09:57:19.230994+02:00,Change Lumens,901489cf17682b9a65a5f26a55ed45df,2026-05-21T10:30:00,2,526.3,1527,886,0-0,0,0,False,calling-data
2026-06-01T09:57:21.413935+02:00,Change Lumens,efa8c493c0196c9e3fc0ef57e88790f4,2026-05-21T11:00:00,2,469.0,570,398,0-234,0,234,False,calling-data
2026-06-01T09:57:22.590735+02:00,Change Lumens,855e000b9a8d83b45dcb05a869f1eaa2,2026-05-21T11:00:00,2,469.0,570,398,0-234,0,234,False,calling-data
2026-06-01T09:57:24.783936+02:00,Change Lumens,91bc7d511466bf0cb5766bfb81f255e9,2026-05-21T11:30:00,2,182.6,47,2061,890-2404,890,2404,True,calling-data
2026-06-01T09:57:25.951447+02:00,Change Lumens,aff06485d647b34f905466cf8aa8825b,2026-05-21T11:30:00,2,182.6,47,2061,890-2404,890,2404,True,calling-data
2026-06-01T09:57:28.116913+02:00,Change Lumens,428b26902bfd47b8649d57988fee443a,2026-05-21T12:00:00,3,544.3,1694,977,0-0,0,0,False,calling-data
2026-06-01T09:57:29.304370+02:00,Change Lumens,7e9c0931e2ce08016ed9c44b0d6ac49f,2026-05-21T12:30:00,2,435.1,601,682,0-491,0,491,False,calling-data
2026-06-01T09:57:31.484367+02:00,Change Lumens,30be6a0bdc5acdba883c99a3769b8d78,2026-05-21T12:30:00,2,435.1,601,682,0-491,0,491,False,calling-data
2026-06-01T09:57:32.674660+02:00,Change Lumens,cc98b8f02ba8b2e77564dc224d64e27f,2026-05-21T13:00:00,2,312.6,335,1361,0-1419,0,1419,True,calling-data
2026-06-01T09:57:34.870541+02:00,Change Lumens,1117efc55119b86b25fcaa01ce3fb5ea,2026-05-21T13:00:00,2,312.6,335,1361,0-1419,0,1419,True,calling-data
2026-06-01T09:57:36.051498+02:00,Change Lumens,c42b51a4ad0d8b752dda8c7a7f023a7c,2026-05-21T13:30:00,2,341.8,997,1820,0-1198,0,1198,False,calling-data
2026-06-01T09:57:38.250552+02:00,Change Lumens,a1f9f21c15f74a661c7ee857fa61f6f1,2026-05-21T13:30:00,2,341.8,997,1820,0-1198,0,1198,False,calling-data
2026-06-01T09:58:04.306497+02:00,Change Lumens,dda659b78bf9e096619a47d8b3a76163,2026-05-21T18:00:00,2,34.4,0,1406,1255-2012,1255,2012,True,calling-data
2026-06-01T09:58:05.493065+02:00,Change Lumens,575ed3c91d1aefd17a621c256e5255ea,2026-05-21T18:30:00,2,271.4,1633,1227,0-216,0,216,False,calling-data
2026-06-01T09:58:07.707510+02:00,Change Lumens,c76cee9d82862979c4268ad141b73562,2026-05-21T18:30:00,2,271.4,1633,1227,0-216,0,216,False,calling-data
2026-06-01T09:58:08.904959+02:00,Change Lumens,f9fcdd9615c0ea5c268a8b8db22512f6,2026-05-21T19:00:00,2,319.2,1471,685,0-0,0,0,False,calling-data
2026-06-01T09:58:11.111109+02:00,Change Lumens,c6ef9a905551fd762196387cbe4049af,2026-05-21T19:00:00,2,319.2,1471,685,0-0,0,0,False,calling-data
2026-06-01T09:58:12.301971+02:00,Change Lumens,628c3d53b221cc0ddecbd2f460f15a33,2026-05-21T19:30:00,2,316.3,947,177,0-0,0,0,False,calling-data
2026-06-01T09:58:14.511946+02:00,Change Lumens,59accb6596e8beb3d1763cb17c6c5a18,2026-05-21T20:00:00,1,186.2,445,626,105-862,105,862,True,calling-data
2026-06-01T09:58:15.721640+02:00,Change Lumens,0bb1c643464c47ccc8e6700a5d4c397f,2026-05-21T20:00:00,1,186.2,445,626,105-862,105,862,True,calling-data
2026-06-01T09:58:17.916052+02:00,Change Lumens,5a3657bb0aa684fc584f647477aae722,2026-05-21T20:30:00,2,324.5,928,102,0-0,0,0,False,calling-data
2026-06-01T09:58:19.095588+02:00,Change Lumens,dca40a402c7378ee0ffbab20e5110459,2026-05-21T20:30:00,2,324.5,928,102,0-0,0,0,False,calling-data
2026-06-01T09:58:21.294770+02:00,Change Lumens,2ace2a9fcc48ca96ca27e521d97c52a3,2026-05-21T21:00:00,2,90.1,364,1271,833-1590,833,1590,True,calling-data
2026-06-01T09:58:22.468079+02:00,Change Lumens,4ef0ed15bf8d968fb9b9d311d84e8861,2026-05-21T21:00:00,2,90.1,364,1271,833-1590,833,1590,True,calling-data
2026-06-01T09:58:24.637258+02:00,Change Lumens,6abafbeb4d4e4d5641022b26fe0aae84,2026-05-21T21:30:00,1,291.1,1575,958,0-67,0,67,False,calling-data
2026-06-01T09:58:25.794106+02:00,Change Lumens,8fb100ffc44cea544ca31889c129f8c4,2026-05-21T21:30:00,1,291.1,1575,958,0-67,0,67,False,calling-data
2026-06-01T09:58:27.935479+02:00,Set lumen to 0,c19ff496c84957f1b86b4d264c555242,2026-05-21T22:09:34,0,21.4,0,0,0-0,0,0,True,calling-data
2026-06-01T09:59:56.517035+02:00,Change Lumens,946c33aa80d604fd8d4318ab55dd8374,2026-05-22T13:00:00,1,324.7,0,1208,0-1328,0,1328,True,calling-data
2026-06-01T09:59:57.695660+02:00,Change Lumens,37e8333e5098ab62724aa9d5d757c6dd,2026-05-22T13:00:00,1,324.7,0,1208,0-1328,0,1328,True,calling-data
2026-06-01T09:59:59.884731+02:00,Change Lumens,101582639fe1a8422300447fc7a8eb30,2026-05-22T13:30:00,1,318.7,570,1752,0-1373,0,1373,False,calling-data
2026-06-01T10:00:01.053696+02:00,Change Lumens,dfd7998c066f77585e366c63b8b0bce0,2026-05-22T13:30:00,1,318.7,570,1752,0-1373,0,1373,False,calling-data
2026-06-01T10:00:20.562168+02:00,Change Lumens,fa0957da32b14f0225112eb19bb322f4,2026-05-22T17:00:00,1,124.4,0,858,573-1330,573,1330,True,calling-data
2026-06-01T10:00:22.745584+02:00,Change Lumens,593645b3c9974a72c549bce4fce96be9,2026-05-22T17:00:00,1,124.4,0,858,573-1330,573,1330,True,calling-data
2026-06-01T10:00:27.181166+02:00,Change Lumens,99445bdc26d57935cde746040db62186,2026-05-22T18:00:00,1,172.2,0,455,211-968,211,968,True,calling-data
2026-06-01T10:00:29.341497+02:00,Change Lumens,0b2dc8a0a88962007ac14fc69e19c8e5,2026-05-22T18:30:00,1,195.2,589,842,37-793,37,793,False,calling-data
2026-06-01T10:00:30.517550+02:00,Change Lumens,97bea3f86e3202a42c9560f4a3f0087b,2026-05-22T18:30:00,1,195.2,589,842,37-793,37,793,False,calling-data
2026-06-01T10:00:32.675937+02:00,Change Lumens,127bbfc583f7076a8a5430bfda3c414b,2026-05-22T19:00:00,1,318.8,1004,298,0-0,0,0,False,calling-data
2026-06-01T10:00:33.843612+02:00,Change Lumens,fc476352be3965b0dfdcf1d1f169ffc7,2026-05-22T19:00:00,1,318.8,1004,298,0-0,0,0,False,calling-data
2026-06-01T10:00:36.011003+02:00,Change Lumens,260ef683049f9a335fc1820a82bc070e,2026-05-22T19:30:00,1,105.4,483,1363,717-1474,717,1474,True,calling-data
2026-06-01T10:00:37.171588+02:00,Change Lumens,799da16cd1219e1d2ad85a5b72aec14c,2026-05-22T19:30:00,1,105.4,483,1363,717-1474,717,1474,True,calling-data
2026-06-01T10:00:39.361164+02:00,Change Lumens,0fd946df4e6b387ce0c9d01cbfa8c5e6,2026-05-22T20:00:00,1,238.2,1579,1428,0-468,0,468,False,calling-data
2026-06-01T10:00:40.522430+02:00,Change Lumens,6ba1444899582256baba5575ea146150,2026-05-22T20:00:00,1,238.2,1579,1428,0-468,0,468,False,calling-data
2026-06-01T10:00:42.700156+02:00,Change Lumens,8eca40ea80247656b0b7a5229807e12b,2026-05-22T20:30:00,1,398.1,1971,538,0-0,0,0,False,calling-data
2026-06-01T10:00:43.870651+02:00,Change Lumens,159198477c1533f2f84d4dce0f4d41fe,2026-05-22T20:30:00,1,398.1,1971,538,0-0,0,0,False,calling-data
2026-06-01T10:00:46.035716+02:00,Change Lumens,33442799c09ea4b2b741fb1ce80b847e,2026-05-22T21:00:00,1,262.3,849,445,0-285,0,285,False,calling-data
2026-06-01T10:00:47.203776+02:00,Change Lumens,6862a29cd055a840d0835f1d7666c6bb,2026-05-22T21:00:00,1,262.3,849,445,0-285,0,285,False,calling-data
2026-06-01T10:00:49.378720+02:00,Change Lumens,6964f0856eca01c654e50b2edb67d5c3,2026-05-22T21:30:00,1,280.9,756,261,0-144,0,144,False,calling-data
2026-06-01T10:00:50.489232+02:00,Set lumen to 0,793e056fa28f6383c1bede627ebec1d5,2026-05-22T22:00:00,0,88.9,522,0,0-0,0,0,True,calling-data
2026-06-01T10:01:57.022497+02:00,Change Lumens,0440bac1ecf6fd7321e95e7e052ee8dc,2026-05-23T09:00:00,1,374.8,0,463,0-948,0,948,True,calling-data
2026-06-01T10:01:59.203124+02:00,Change Lumens,ae417216f9a065128d22e0f686c0f9ac,2026-05-23T09:00:00,1,374.8,0,463,0-948,0,948,True,calling-data
2026-06-01T10:02:00.393464+02:00,Change Lumens,51e3996dc2d393c05d6bd4970739ff0a,2026-05-23T09:30:00,1,326.9,191,1114,0-1311,0,1311,True,calling-data
2026-06-01T10:02:02.582951+02:00,Change Lumens,e5db0332f80a5da155a2712cdee7dea0,2026-05-23T10:00:00,1,309.7,745,1830,0-1441,0,1441,False,calling-data
2026-06-01T10:02:03.757553+02:00,Change Lumens,2f4f5c56130cbfa0b2fc65c68ed617d2,2026-05-23T10:00:00,1,309.7,745,1830,0-1441,0,1441,False,calling-data
2026-06-01T10:02:05.978302+02:00,Change Lumens,0c708681d33a03003294c9ee35fa6990,2026-05-23T10:30:00,1,497.5,1429,1119,0-18,0,18,False,calling-data
2026-06-01T10:02:07.141826+02:00,Change Lumens,6c3df80a785adaeca2dd8af321b76f9c,2026-05-23T10:30:00,1,497.5,1429,1119,0-18,0,18,False,calling-data
2026-06-01T10:02:09.343174+02:00,Change Lumens,893aa7e3f7e37d70621b8fbfaf59a939,2026-05-23T11:00:00,1,352.0,690,1490,0-1121,0,1121,False,calling-data
2026-06-01T10:02:10.519438+02:00,Change Lumens,1dfdd9686b75baf607fabfaf55b033f0,2026-05-23T11:00:00,1,352.0,690,1490,0-1121,0,1121,False,calling-data
2026-06-01T10:02:12.655315+02:00,Set lumen to 0,cdd74650c84f673b55954b554635a595,2026-05-23T11:30:00,0,376.7,1054,0,0-0,0,0,True,calling-data
2026-06-01T10:02:23.355212+02:00,Change Lumens,7bf70b599b38b864b10cc17f53a7e905,2026-05-23T13:30:00,1,238.8,0,1783,464-1978,464,1978,True,calling-data
2026-06-01T10:02:25.535980+02:00,Change Lumens,20a85a58ebd9e497deb0696c6bc7837c,2026-05-23T13:30:00,1,238.8,0,1783,464-1978,464,1978,True,calling-data
2026-06-01T10:02:26.649658+02:00,Set lumen to 0,0a9c71ea7ad3a7216b1ab99ea16240d6,2026-05-23T14:00:00,0,3151.5,1221,0,0-0,0,0,True,calling-data
2026-06-01T10:02:38.335028+02:00,Change Lumens,b05566e814e9c516d9b5008ff94d3010,2026-05-23T16:00:00,1,254.5,0,225,0-344,0,344,True,calling-data
2026-06-01T10:02:39.516804+02:00,Change Lumens,6e41e500f3c2a9539ad9073eb5f4f862,2026-05-23T16:00:00,1,254.5,0,225,0-344,0,344,True,calling-data
2026-06-01T10:02:51.509270+02:00,Change Lumens,d5f0a134e64d2a9d731786733218fad7,2026-05-23T18:00:00,1,167.3,0,427,248-1005,248,1005,True,calling-data
2026-06-01T10:02:52.675924+02:00,Change Lumens,0efcabe20d485d3c31f867ac2afc0134,2026-05-23T18:00:00,1,167.3,0,427,248-1005,248,1005,True,calling-data
2026-06-01T10:02:54.860540+02:00,Change Lumens,f15efe9edb3f9cbbbe4058034d62305b,2026-05-23T18:30:00,1,233.8,627,524,0-501,0,501,False,calling-data
2026-06-01T10:02:56.010189+02:00,Change Lumens,6af993005d601b6a54ed37a9f373b15c,2026-05-23T18:30:00,1,233.8,627,524,0-501,0,501,False,calling-data
2026-06-01T10:02:58.145424+02:00,Set lumen to 0,6c8e67bc1f017cfd9630856b4ee0de43,2026-05-23T19:00:00,0,168.2,750,0,0-0,0,0,True,calling-data
2026-06-01T10:04:20.896318+02:00,Change Lumens,4e4e1d042e0150cda754749bf91079ec,2026-05-24T09:00:00,2,308.8,0,854,0-1448,0,1448,True,calling-data
2026-06-01T10:04:22.062377+02:00,Change Lumens,311b03ea50e09baa14be202793e78415,2026-05-24T09:00:00,2,308.8,0,854,0-1448,0,1448,True,calling-data
2026-06-01T10:04:24.255794+02:00,Change Lumens,1816a3c0b8c57b179fe559a832122092,2026-05-24T09:30:00,2,513.9,691,85,0-0,0,0,False,calling-data
2026-06-01T10:04:25.427014+02:00,Change Lumens,0fbb289fb75c6288d809543f80e42440,2026-05-24T09:30:00,2,513.9,691,85,0-0,0,0,False,calling-data
2026-06-01T10:04:27.627681+02:00,Change Lumens,5a73cf38f790fe92ac58718264cc264c,2026-05-24T10:00:00,2,250.7,0,1414,374-1888,374,1888,True,calling-data
2026-06-01T10:04:28.827440+02:00,Change Lumens,5ec2d38d15abe52bd9b41277eedd0173,2026-05-24T10:00:00,2,250.7,0,1414,374-1888,374,1888,True,calling-data
2026-06-01T10:04:31.012158+02:00,Change Lumens,e09c6c787a58c33fc79b1b4d7d9d1ffe,2026-05-24T10:30:00,2,496.4,1131,717,0-27,0,27,False,calling-data
2026-06-01T10:04:32.193736+02:00,Change Lumens,8da7f60ef30588ff8b52fdb61a4bbbf8,2026-05-24T10:30:00,2,496.4,1131,717,0-27,0,27,False,calling-data
2026-06-01T10:04:42.072143+02:00,Change Lumens,85b1f5f09ad43217aa7da1e18fd39bf5,2026-05-24T12:30:00,2,281.7,0,1302,139-1653,139,1653,True,calling-data
2026-06-01T10:04:44.251882+02:00,Change Lumens,84bf79953eca8da9e68a5043cbfc7c0c,2026-05-24T12:30:00,2,281.7,0,1302,139-1653,139,1653,True,calling-data
2026-06-01T10:04:47.579388+02:00,Change Lumens,2b3616162338745983401c9a9986178c,2026-05-24T13:30:00,2,448.6,0,93,0-389,0,389,True,calling-data
2026-06-01T10:04:48.762148+02:00,Change Lumens,c469ed7af2d2063ff661ce915e4db25b,2026-05-24T13:30:00,2,448.6,0,93,0-389,0,389,True,calling-data
2026-06-01T10:05:08.282255+02:00,Change Lumens,e8151c0f92fa7295be3570b77b60cbfe,2026-05-24T17:00:00,2,172.8,0,558,207-963,207,963,True,calling-data
2026-06-01T10:05:10.470858+02:00,Change Lumens,36dfa09aea453991e89199223e86100d,2026-05-24T17:00:00,2,172.8,0,558,207-963,207,963,True,calling-data
2026-06-01T10:05:11.632841+02:00,Change Lumens,804b9e13f3b10cc9374115aedd5431fb,2026-05-24T17:30:00,2,248.3,585,420,0-391,0,391,False,calling-data
2026-06-01T10:05:13.813535+02:00,Change Lumens,724f8bea915ff298f41ad5a09ca6b920,2026-05-24T17:30:00,2,248.3,585,420,0-391,0,391,False,calling-data
2026-06-01T10:05:14.990628+02:00,Change Lumens,82a3b6fb6552d8d3e9ef7795813141be,2026-05-24T18:00:00,1,114.2,598,1430,651-1407,651,1407,False,calling-data
2026-06-01T10:05:17.164979+02:00,Change Lumens,ad304c6ed23dfb870a17a80a40a20fd4,2026-05-24T18:00:00,1,114.2,598,1430,651-1407,651,1407,False,calling-data
2026-06-01T10:05:18.334583+02:00,Change Lumens,6b758d717ebaf4ce42221b05bdd7bb0b,2026-05-24T18:30:00,1,285.1,1627,1209,0-112,0,112,False,calling-data
2026-06-01T10:05:20.512686+02:00,Change Lumens,b2a9f296431953f30a264a8d5b15f954,2026-05-24T19:00:00,1,247.5,1361,1131,0-397,0,397,False,calling-data
2026-06-01T10:05:21.694810+02:00,Change Lumens,9af53b43f0543c612c7b11b274c956ba,2026-05-24T19:00:00,1,247.5,1361,1131,0-397,0,397,False,calling-data
2026-06-01T10:05:23.872533+02:00,Change Lumens,a53246933994bb51f7d951a0b13ef8b9,2026-05-24T19:30:00,2,296.4,1380,829,0-27,0,27,False,calling-data
2026-06-01T10:05:25.041835+02:00,Change Lumens,3131381c02422cebb17d349857ba8d88,2026-05-24T19:30:00,2,296.4,1380,829,0-27,0,27,False,calling-data
2026-06-01T10:05:30.479122+02:00,Change Lumens,ada4f2ec2c2a7895e8ff3b9bdd65bbc8,2026-05-24T20:30:00,2,164.8,179,459,267-1024,267,1024,True,calling-data
2026-06-01T10:05:31.646846+02:00,Change Lumens,adcc82c9de48de279f88991fdd0474d7,2026-05-24T20:30:00,2,164.8,179,459,267-1024,267,1024,True,calling-data
2026-06-01T10:05:40.224528+02:00,Set lumen to 0,12e7c749aecc7eb508976fd5cee75d09,2026-05-24T22:00:00,0,62.7,370,0,0-0,0,0,True,calling-data
2026-06-01T10:06:50.921236+02:00,Change Lumens,90da3e82e4ea75bd94ec215ee04bb216,2026-05-18T10:00:00,1,191.6,0,2117,822-2336,822,2336,True,calling-data
2026-06-01T10:06:53.094080+02:00,Change Lumens,493dade0564f91fb62b8387859f35c89,2026-05-18T10:00:00,1,191.6,0,2117,822-2336,822,2336,True,calling-data
2026-06-01T10:06:54.268846+02:00,Change Lumens,8bb2bd9cafebd02ee503eb1e2bb09f33,2026-05-18T10:30:00,1,386.9,1579,2130,0-856,0,856,False,calling-data
2026-06-01T10:06:56.435158+02:00,Change Lumens,e6a64250c6d8070a3a4949ce1cf6fbbd,2026-05-18T11:00:00,1,478.4,1678,1561,0-163,0,163,False,calling-data
2026-06-01T10:06:57.611769+02:00,Change Lumens,08f624dde8bc728395823c747ad1098c,2026-05-18T11:00:00,1,478.4,1678,1561,0-163,0,163,False,calling-data
2026-06-01T10:06:59.792761+02:00,Change Lumens,88c15d91754345cebbfe5174d728099e,2026-05-18T11:30:00,1,358.5,1084,1843,0-1072,0,1072,False,calling-data
2026-06-01T10:07:00.966444+02:00,Change Lumens,45a176c241ed5d11c6de3df59e5dc0a7,2026-05-18T11:30:00,1,358.5,1084,1843,0-1072,0,1072,False,calling-data
2026-06-01T10:07:03.136049+02:00,Change Lumens,b833a66e10bb9a45d948c1213ddb4b2f,2026-05-18T12:00:00,1,622.2,1399,185,0-0,0,0,False,calling-data
2026-06-01T10:07:04.314368+02:00,Change Lumens,91fd7f234bae0e609fea4b0fdc0ab578,2026-05-18T12:00:00,1,622.2,1399,185,0-0,0,0,False,calling-data
2026-06-01T10:07:06.502281+02:00,Change Lumens,c022fcdb0a50eb10994f0fcf3df09489,2026-05-18T12:30:00,1,309.2,0,1190,0-1445,0,1445,True,calling-data
2026-06-01T10:07:07.684405+02:00,Change Lumens,0327cc80ed33382f3d54b0adf390cc9a,2026-05-18T12:30:00,1,309.2,0,1190,0-1445,0,1445,True,calling-data
2026-06-01T10:07:13.118172+02:00,Change Lumens,255da3a032b4316a717a7f4e4dd58ac9,2026-05-18T13:30:00,1,429.5,0,369,0-534,0,534,True,calling-data
2026-06-01T10:07:32.581557+02:00,Change Lumens,7faf875753d31eb7a34e7ce156179aee,2026-05-18T17:00:00,2,219.7,606,695,0-608,0,608,False,calling-data
2026-06-01T10:07:33.764290+02:00,Change Lumens,3cd2235ae274dfd1042bd8a557ddb0b2,2026-05-18T17:00:00,2,219.7,606,695,0-608,0,608,False,calling-data
2026-06-01T10:07:37.062137+02:00,Change Lumens,296bd12e13ec16e90c88f31e0bdbeee8,2026-05-18T17:42:49,,,,727,,,,,calling-data
2026-06-01T10:07:39.232886+02:00,Change Lumens,d463359e11f3bea370a2355551aa18f9,2026-05-18T18:00:00,3,29.3,0,1480,1294-2050,1294,2050,True,calling-data
2026-06-01T10:07:40.397846+02:00,Change Lumens,7ab82033fcd8ef1e31db3966265c442f,2026-05-18T18:00:00,3,29.3,0,1480,1294-2050,1294,2050,True,calling-data
2026-06-01T10:07:42.568837+02:00,Change Lumens,d6cfd24c6dea218f20875726b455b328,2026-05-18T18:30:00,2,403.5,1672,249,0-0,0,0,False,calling-data
2026-06-01T10:07:43.736063+02:00,Change Lumens,29c87d2a8a67033b723c54f643bb91bd,2026-05-18T18:30:00,2,403.5,1672,249,0-0,0,0,False,calling-data
2026-06-01T10:07:45.905849+02:00,Change Lumens,efd732056376eac462134136930aab68,2026-05-18T19:00:00,2,215.9,509,478,0-637,0,637,True,calling-data
2026-06-01T10:07:47.061693+02:00,Change Lumens,21c9e4c5c3ebb6f5988c46b7f91ad230,2026-05-18T19:00:00,2,215.9,509,478,0-637,0,637,True,calling-data
2026-06-01T10:07:49.247474+02:00,Change Lumens,7cf48b46c0beb78518a0eeff5fb9cab9,2026-05-18T19:30:00,1,213.5,767,726,0-655,0,655,False,calling-data
2026-06-01T10:07:50.410990+02:00,Change Lumens,c5f7b396c82c7f97e7002d71d84ee55d,2026-05-18T20:00:00,1,248.0,1043,836,0-393,0,393,False,calling-data
2026-06-01T10:07:52.591898+02:00,Change Lumens,a554a4c73c35b1f437cf30ab8a895fc1,2026-05-18T20:00:00,1,248.0,1043,836,0-393,0,393,False,calling-data
2026-06-01T10:07:53.753799+02:00,Change Lumens,1d311374831481cb781a07ad8ddc7596,2026-05-18T20:30:00,1,190.4,1058,1260,73-830,73,830,False,calling-data
2026-06-01T10:07:55.914798+02:00,Change Lumens,9eb09dcb117a16e853a995e81f435d16,2026-05-18T20:30:00,1,190.4,1058,1260,73-830,73,830,False,calling-data
2026-06-01T10:07:57.096473+02:00,Change Lumens,912a56458891d197bab101c7022fe3df,2026-05-18T21:00:00,1,280.7,1509,1021,0-146,0,146,False,calling-data
2026-06-01T10:07:59.281327+02:00,Change Lumens,f8afdd118597e79295ec6266f6c1ea00,2026-05-18T21:30:00,2,241.3,1277,1083,0-444,0,444,False,calling-data
2026-06-01T10:08:00.467527+02:00,Change Lumens,d4c36cb005e7baffad3c2c18a27153bd,2026-05-18T21:30:00,2,241.3,1277,1083,0-444,0,444,False,calling-data
2026-06-01T10:08:02.600374+02:00,Set lumen to 0,03102f19bdd793e4a303ed783cbada13,2026-05-18T22:00:00,0,199.4,1343,0,0-0,0,0,True,calling-data
2026-06-01T10:09:12.276989+02:00,Change Lumens,8ab1443657df5f5e97e12763dc57b664,2026-05-19T09:31:54,,,,1024,,,,,calling-data
2026-06-01T10:09:13.452908+02:00,Change Lumens,76ade3bc7ec94099c96b7f20168d0d41,2026-05-19T09:31:54,,,,1024,,,,,calling-data
2026-06-01T10:09:18.932022+02:00,Change Lumens,5a8223f226d6646cf8ea8f36240dab38,2026-05-19T10:30:00,1,432.2,0,139,0-513,0,513,True,calling-data
2026-06-01T10:09:20.113222+02:00,Change Lumens,3c57f96807476ec093a6430bafd1cc7e,2026-05-19T10:30:00,1,432.2,0,139,0-513,0,513,True,calling-data
2026-06-01T10:09:22.292433+02:00,Change Lumens,8efc2feb60fb15736093a6a757e8e18f,2026-05-19T11:00:00,2,216.2,0,1808,635-2150,635,2150,True,calling-data
2026-06-01T10:09:23.478371+02:00,Change Lumens,304c71ed4ec35282beb7a0e468908a77,2026-05-19T11:30:00,2,599.5,1392,271,0-0,0,0,False,calling-data
2026-06-01T10:09:25.675697+02:00,Change Lumens,dec44a6913ece0ff2b0d1ea00ec3390d,2026-05-19T11:30:00,2,599.5,1392,271,0-0,0,0,False,calling-data
2026-06-01T10:09:26.871324+02:00,Change Lumens,15b6a9a5c1bace4c31107b798cd22f66,2026-05-19T12:00:00,2,243.4,0,1607,429-1944,429,1944,True,calling-data
2026-06-01T10:09:29.069854+02:00,Change Lumens,e3006514629d7b51b9a18c0740e0bbf1,2026-05-19T12:00:00,2,243.4,0,1607,429-1944,429,1944,True,calling-data
2026-06-01T10:09:32.406951+02:00,Change Lumens,c25d94eda0379256c3ffbdce27b07a03,2026-05-19T13:00:00,2,223.6,0,1857,579-2094,579,2094,True,calling-data
2026-06-01T10:09:33.579982+02:00,Change Lumens,ff26a5dcab1ec996267f5b3901a93160,2026-05-19T13:00:00,2,223.6,0,1857,579-2094,579,2094,True,calling-data
2026-06-01T10:09:35.748866+02:00,Change Lumens,a0439494a306b455fb88baefe3502bd6,2026-05-19T13:30:00,2,532.3,1336,871,0-0,0,0,False,calling-data
2026-06-01T10:09:36.931685+02:00,Change Lumens,9908a33f031709b0637071558b1307dd,2026-05-19T13:30:00,2,532.3,1336,871,0-0,0,0,False,calling-data
2026-06-01T10:09:56.472651+02:00,Change Lumens,9c7605fe993ad56d722644f9b6a1084b,2026-05-19T17:00:00,3,169.4,291,643,232-989,232,989,True,calling-data
2026-06-01T10:09:58.649818+02:00,Change Lumens,23d18d88b5eb2f7527ee0e0176367c13,2026-05-19T17:00:00,3,169.4,291,643,232-989,232,989,True,calling-data
2026-06-01T10:10:03.067581+02:00,Change Lumens,882a501e61b84e069105fa81adf34c59,2026-05-19T18:00:00,3,65.2,0,1121,1022-1778,1022,1778,True,calling-data
2026-06-01T10:10:05.233063+02:00,Change Lumens,26dfb3af927b5913e126142081242b89,2026-05-19T18:00:00,3,65.2,0,1121,1022-1778,1022,1778,True,calling-data
2026-06-01T10:10:06.390686+02:00,Change Lumens,217e62fc0b2d1e66667e86cb455f5254,2026-05-19T18:30:00,3,307.0,1400,701,0-0,0,0,False,calling-data
2026-06-01T10:10:08.572536+02:00,Change Lumens,2a15e9b10242c09bc6eb57035b588203,2026-05-19T19:00:00,2,316.3,968,177,0-0,0,0,False,calling-data
2026-06-01T10:10:09.748404+02:00,Change Lumens,ee69b8854d6ac87e66071a374a39ff68,2026-05-19T19:00:00,2,316.3,968,177,0-0,0,0,False,calling-data
2026-06-01T10:10:11.901270+02:00,Change Lumens,9fe0efc249ef26ed752af476ab29ea54,2026-05-19T19:30:00,3,250.1,466,207,0-378,0,378,True,calling-data
2026-06-01T10:10:13.065787+02:00,Change Lumens,3a496f89c7ab26933907717bd2c34059,2026-05-19T19:30:00,3,250.1,466,207,0-378,0,378,True,calling-data
2026-06-01T10:10:15.250662+02:00,Change Lumens,aa762b5028cbec4a8f95bcf1be248be8,2026-05-19T20:00:00,3,217.3,465,376,0-626,0,626,True,calling-data
2026-06-01T10:10:16.406656+02:00,Change Lumens,1b5106ef56e5481a4a20f0b9cecaa5ee,2026-05-19T20:00:00,3,217.3,465,376,0-626,0,626,True,calling-data
2026-06-01T10:10:21.824414+02:00,Change Lumens,05f50e413a24ef77ba33cea1a6afa51c,2026-05-19T21:00:00,3,145.3,284,715,415-1172,415,1172,True,calling-data
2026-06-01T10:10:23.001379+02:00,Change Lumens,4e46b4c5d2b0d545bfd61e128a5e3540,2026-05-19T21:00:00,3,145.3,284,715,415-1172,415,1172,True,calling-data
2026-06-01T10:10:25.167526+02:00,Change Lumens,ca179291818a400b12d1fef13367936a,2026-05-19T21:30:00,3,205.2,1077,1046,0-718,0,718,False,calling-data
2026-06-01T10:10:26.282683+02:00,Set lumen to 0,b84acfa950586a043c035552684fe048,2026-05-19T22:00:00,0,189.7,1417,0,0-0,0,0,True,calling-data
2026-06-01T10:11:48.003489+02:00,Change Lumens,e4d77a32ce18bbefca0f75eb1885ab77,2026-05-20T11:30:00,2,266.1,0,1452,257-1772,257,1772,True,calling-data
2026-06-01T10:11:49.187522+02:00,Change Lumens,3fc7851febbbe09668cb845c57fe96ae,2026-05-20T11:30:00,2,266.1,0,1452,257-1772,257,1772,True,calling-data
2026-06-01T10:11:53.748358+02:00,Change Lumens,1eccfc9fa85d47afebb789e42e303716,2026-05-20T12:30:00,3,277.9,0,1414,168-1682,168,1682,True,calling-data
2026-06-01T10:11:54.933906+02:00,Change Lumens,d6b64894644802e04b75def40cd65b81,2026-05-20T12:30:00,3,277.9,0,1414,168-1682,168,1682,True,calling-data
2026-06-01T10:11:56.114068+02:00,Change Lumens,0ac41c1d090dcc7ec61fc1fce1dfa16c,2026-05-20T12:30:00,3,277.9,0,1414,168-1682,168,1682,True,calling-data
2026-06-01T10:11:59.569537+02:00,Change Lumens,a136fad7566cc75b5938e13d23c5563e,2026-05-20T13:30:00,3,286.0,0,1291,107-1621,107,1621,True,calling-data
2026-06-01T10:12:00.750848+02:00,Change Lumens,c2057859654f8f3bf4f2eced04a52fd0,2026-05-20T13:30:00,3,286.0,0,1291,107-1621,107,1621,True,calling-data
2026-06-01T10:12:01.913010+02:00,Change Lumens,c9c7268285b2fccdbc54b2cfe42e5f23,2026-05-20T13:30:00,3,286.0,0,1291,107-1621,107,1621,True,calling-data
2026-06-01T10:12:14.358695+02:00,Change Lumens,ec5ccccc8c9eb5d660810945aa1d8d83,2026-05-20T16:00:00,2,158.4,0,722,316-1072,316,1072,True,calling-data
2026-06-01T10:12:15.528950+02:00,Change Lumens,96af5a9fc7c6aea19c90af4a2a0fa68e,2026-05-20T16:00:00,2,158.4,0,722,316-1072,316,1072,True,calling-data
2026-06-01T10:12:16.698909+02:00,Change Lumens,6d2074f00d5b2e1277e66e4aef43c7a0,2026-05-20T16:00:00,2,158.4,0,722,316-1072,316,1072,True,calling-data
2026-06-01T10:12:17.869084+02:00,Change Lumens,ad532c3407be618faa768e8e96ab6b7f,2026-05-20T16:30:00,2,268.2,694,571,0-240,0,240,False,calling-data
2026-06-01T10:12:19.040750+02:00,Change Lumens,a94fa1e1282bdcfda72f095c9fd46a3f,2026-05-20T16:30:00,2,268.2,694,571,0-240,0,240,False,calling-data
2026-06-01T10:12:20.206333+02:00,Change Lumens,ec100b11c8605078cc67ca537c888813,2026-05-20T16:30:00,2,268.2,694,571,0-240,0,240,False,calling-data
2026-06-01T10:12:27.000034+02:00,Change Lumens,b343e86a7ca8e4d47be7ef023df3195a,2026-05-20T18:00:00,2,140.6,0,649,451-1207,451,1207,True,calling-data
2026-06-01T10:12:28.154636+02:00,Change Lumens,d293272e0e58c7480e3b5e03b37433b6,2026-05-20T18:00:00,2,140.6,0,649,451-1207,451,1207,True,calling-data
2026-06-01T10:12:29.319745+02:00,Change Lumens,bbe3eaa09cdcebd8ad799367c982c5db,2026-05-20T18:30:00,1,240.9,829,635,0-447,0,447,False,calling-data
2026-06-01T10:12:30.478915+02:00,Change Lumens,410b0adec2e3e6fc382a9f3669620bcd,2026-05-20T18:30:00,1,240.9,829,635,0-447,0,447,False,calling-data
2026-06-01T10:12:31.655988+02:00,Change Lumens,228bcc5589dec5e233c1c6a7bd2ae695,2026-05-20T18:30:00,1,240.9,829,635,0-447,0,447,False,calling-data
2026-06-01T10:12:32.768591+02:00,Set lumen to 0,d7ddfe55f97825afbd7b5ee9164838cd,2026-05-20T19:00:00,0,348.3,898,0,0-0,0,0,True,calling-data
2026-06-01T10:12:47.976520+02:00,Change Lumens,b3e073ec2d54204fe2920a059a29480a,2026-05-20T21:30:00,1,267.7,0,48,0-244,0,244,True,calling-data
2026-06-01T10:12:49.146761+02:00,Change Lumens,a8f80ff8d1aa45534d1ee87c19fc6c5c,2026-05-20T21:30:00,1,267.7,0,48,0-244,0,244,True,calling-data
2026-06-01T10:12:50.257984+02:00,Set lumen to 0,9a9e4e48fe87b963ae875bba4a64c1c6,2026-05-20T22:00:00,0,13.5,0,0,0-0,0,0,True,calling-data
2026-06-01T10:13:41.067283+02:00,Change Lumens,a2bd4db87f5f9253dec5bb9535a7e1ed,2026-05-21T06:25:23,,,,1010,,,,,calling-data
2026-06-01T10:13:42.259239+02:00,Change Lumens,6e137501a71ee00eb78fd51d32ecde4a,2026-05-21T06:30:00,1,178.0,606,189,0-166,0,166,False,calling-data
2026-06-01T10:13:57.688505+02:00,Change Lumens,b6330d99bce32c64efa891c04ab04fea,2026-05-21T09:00:00,2,175.9,0,1955,941-2455,941,2455,True,calling-data
2026-06-01T10:13:58.876565+02:00,Change Lumens,3ca3c4510359ed5bca5584ba7011d542,2026-05-21T09:00:00,2,175.9,0,1955,941-2455,941,2455,True,calling-data
2026-06-01T10:14:01.047306+02:00,Change Lumens,5eeeac4e8c1735afb6030088e64713a7,2026-05-21T09:30:00,2,447.8,1698,1627,0-395,0,395,False,calling-data
2026-06-01T10:14:02.246098+02:00,Change Lumens,cd5026b2ea97317bdc010cb5e779cf2f,2026-05-21T09:30:00,2,447.8,1698,1627,0-395,0,395,False,calling-data
2026-06-01T10:14:04.415393+02:00,Change Lumens,0ccec8c0a4a4b4e4849f00d1fbe9bd40,2026-05-21T10:00:00,2,374.8,1336,1827,0-948,0,948,False,calling-data
2026-06-01T10:14:05.593250+02:00,Change Lumens,dc14b0e21cafd142052c2b1e8ae69604,2026-05-21T10:30:00,2,526.3,1527,886,0-0,0,0,False,calling-data
2026-06-01T10:14:07.770782+02:00,Change Lumens,90ffc95b730fea0ba976ae621e805809,2026-05-21T10:30:00,2,526.3,1527,886,0-0,0,0,False,calling-data
2026-06-01T10:14:08.927654+02:00,Change Lumens,3ec70845cdb7da7b0eb0b2cfd94162ee,2026-05-21T11:00:00,2,469.0,570,398,0-234,0,234,False,calling-data
2026-06-01T10:14:11.136802+02:00,Change Lumens,126393e9d1bafe76ca9f07a220b2a745,2026-05-21T11:00:00,2,469.0,570,398,0-234,0,234,False,calling-data
2026-06-01T10:14:12.316004+02:00,Change Lumens,1019d75b803f7b7d2975f41552ee68c5,2026-05-21T11:30:00,2,182.6,47,2061,890-2404,890,2404,True,calling-data
2026-06-01T10:14:14.498568+02:00,Change Lumens,ae2954da64c3a62c2617a5877d794f31,2026-05-21T12:00:00,3,544.3,1694,977,0-0,0,0,False,calling-data
2026-06-01T10:14:15.683541+02:00,Change Lumens,c958de7a9043b5a3b0a750fe6b3f68d4,2026-05-21T12:00:00,3,544.3,1694,977,0-0,0,0,False,calling-data
2026-06-01T10:14:17.887390+02:00,Change Lumens,98044b8652d9a8ae0dd669cef94af7ba,2026-05-21T12:30:00,2,435.1,601,682,0-491,0,491,False,calling-data
2026-06-01T10:14:19.058331+02:00,Change Lumens,99b2e30a891fa4e86bc78c9b142d71b9,2026-05-21T12:30:00,2,435.1,601,682,0-491,0,491,False,calling-data
2026-06-01T10:14:21.242386+02:00,Change Lumens,fbcb460aafe29c6167998b8e6582e8fd,2026-05-21T13:00:00,2,312.6,335,1361,0-1419,0,1419,True,calling-data
2026-06-01T10:14:22.443708+02:00,Change Lumens,ff5dd663ebb9da674f20e51c41ae6180,2026-05-21T13:00:00,2,312.6,335,1361,0-1419,0,1419,True,calling-data
2026-06-01T10:14:24.636052+02:00,Change Lumens,ee14cfd10d05fc89b765e604d22a5b2d,2026-05-21T13:30:00,2,341.8,997,1820,0-1198,0,1198,False,calling-data
2026-06-01T10:14:25.830772+02:00,Change Lumens,dece2656eaaae121d5b683cdcaaa00bb,2026-05-21T13:30:00,2,341.8,997,1820,0-1198,0,1198,False,calling-data
2026-06-01T10:14:50.755469+02:00,Change Lumens,d570d1c737f19424d87aa25d69ba489c,2026-05-21T18:00:00,2,34.4,0,1406,1255-2012,1255,2012,True,calling-data
2026-06-01T10:14:51.933310+02:00,Change Lumens,f369f1d0712007bcf3e1286f96436971,2026-05-21T18:00:00,2,34.4,0,1406,1255-2012,1255,2012,True,calling-data
2026-06-01T10:14:54.104635+02:00,Change Lumens,e6ed236f2c28d7a2572da9bf49753ed1,2026-05-21T18:30:00,2,271.4,1633,1227,0-216,0,216,False,calling-data
2026-06-01T10:14:55.271800+02:00,Change Lumens,01183ede7366502f5eb99edb986519c5,2026-05-21T18:30:00,2,271.4,1633,1227,0-216,0,216,False,calling-data
2026-06-01T10:14:57.453087+02:00,Change Lumens,93380b0ce66b3425e7db8ea14bcac269,2026-05-21T19:00:00,2,319.2,1471,685,0-0,0,0,False,calling-data
2026-06-01T10:14:58.623724+02:00,Change Lumens,b6eb881b3b024c30825fc91dc5475e10,2026-05-21T19:00:00,2,319.2,1471,685,0-0,0,0,False,calling-data
2026-06-01T10:15:00.805003+02:00,Change Lumens,094815e4c803767cf52353f7ff6a0d77,2026-05-21T19:30:00,2,316.3,947,177,0-0,0,0,False,calling-data
2026-06-01T10:15:01.975764+02:00,Change Lumens,a9a4846d1eede0778235299336744f92,2026-05-21T19:30:00,2,316.3,947,177,0-0,0,0,False,calling-data
2026-06-01T10:15:04.162133+02:00,Change Lumens,a728a2c5a8a5c33fbb6d5859fb3009ba,2026-05-21T20:00:00,1,186.2,445,626,105-862,105,862,True,calling-data
2026-06-01T10:15:05.327806+02:00,Change Lumens,7cc917d0fee9aa8c8f92e64cf707f226,2026-05-21T20:30:00,2,324.5,928,102,0-0,0,0,False,calling-data
2026-06-01T10:15:07.505084+02:00,Change Lumens,012b11dc629a657486d0e6bc56a2a08a,2026-05-21T20:30:00,2,324.5,928,102,0-0,0,0,False,calling-data
2026-06-01T10:15:08.674399+02:00,Change Lumens,67da62e399b3d5bd80699f21f915294a,2026-05-21T21:00:00,2,90.1,364,1271,833-1590,833,1590,True,calling-data
2026-06-01T10:15:10.855496+02:00,Change Lumens,fb07019dab90a05089978957570af8e9,2026-05-21T21:00:00,2,90.1,364,1271,833-1590,833,1590,True,calling-data
2026-06-01T10:15:12.023608+02:00,Change Lumens,15cbf3e144d7c1780701428e616c9431,2026-05-21T21:30:00,1,291.1,1575,958,0-67,0,67,False,calling-data
2026-06-01T10:15:14.208003+02:00,Change Lumens,38d34fc9e900b9c435593d8a904f5809,2026-05-21T21:30:00,1,291.1,1575,958,0-67,0,67,False,calling-data
2026-06-01T10:15:15.347179+02:00,Set lumen to 0,0270318cb46d1fa9718f5a657f2498da,2026-05-21T22:09:34,0,21.4,0,0,0-0,0,0,True,calling-data
2026-06-01T10:16:46.097367+02:00,Change Lumens,770a7a8d2d9f7537aa253cc99f20453f,2026-05-22T13:00:00,1,324.7,0,1208,0-1328,0,1328,True,calling-data
2026-06-01T10:16:47.262119+02:00,Change Lumens,9fdbff0d52e696e705fc4e3d1c5037df,2026-05-22T13:30:00,1,318.7,570,1752,0-1373,0,1373,False,calling-data
2026-06-01T10:16:49.452235+02:00,Change Lumens,9f3bc546a9a2f5c05bd598f22ed2b6ad,2026-05-22T13:30:00,1,318.7,570,1752,0-1373,0,1373,False,calling-data
2026-06-01T10:17:09.038230+02:00,Change Lumens,8c3f539e2c3b9925e18350949f06debf,2026-05-22T17:00:00,1,124.4,0,858,573-1330,573,1330,True,calling-data
2026-06-01T10:17:10.221111+02:00,Change Lumens,bfda482eb78978636e766aadb07fa4cf,2026-05-22T17:00:00,1,124.4,0,858,573-1330,573,1330,True,calling-data
2026-06-01T10:17:15.631031+02:00,Change Lumens,0406f0387414656bcba572a1f0f1a438,2026-05-22T18:00:00,1,172.2,0,455,211-968,211,968,True,calling-data
2026-06-01T10:17:16.799992+02:00,Change Lumens,10759455d17c782b15d3c41fc4ef5c99,2026-05-22T18:00:00,1,172.2,0,455,211-968,211,968,True,calling-data
2026-06-01T10:17:18.965991+02:00,Change Lumens,1be2dd5880a06d18591824d433553339,2026-05-22T18:30:00,1,195.2,589,842,37-793,37,793,False,calling-data
2026-06-01T10:17:20.146438+02:00,Change Lumens,560bea07e88eb68c4644b371842fa921,2026-05-22T18:30:00,1,195.2,589,842,37-793,37,793,False,calling-data
2026-06-01T10:17:22.342292+02:00,Change Lumens,d8f40749a8e63c7b404c7d272eac5153,2026-05-22T19:00:00,1,318.8,1004,298,0-0,0,0,False,calling-data
2026-06-01T10:17:23.503409+02:00,Change Lumens,02d29b3b1caeda54179e19a07b60e00c,2026-05-22T19:30:00,1,105.4,483,1363,717-1474,717,1474,True,calling-data
2026-06-01T10:17:25.665702+02:00,Change Lumens,0f44fe421a5ace7ba04b8e552eb4df7e,2026-05-22T19:30:00,1,105.4,483,1363,717-1474,717,1474,True,calling-data
2026-06-01T10:17:26.834389+02:00,Change Lumens,8fa3ddd14d79b942c3d1b671a8ee58b0,2026-05-22T20:00:00,1,238.2,1579,1428,0-468,0,468,False,calling-data
2026-06-01T10:17:29.014633+02:00,Change Lumens,b708601906efc021c212bc5f7a8b5033,2026-05-22T20:23:10,,,,1349,,,,,calling-data
2026-06-01T10:17:30.177573+02:00,Change Lumens,27a4cb2166569891f058f86d674290a9,2026-05-22T20:30:00,1,398.1,1971,538,0-0,0,0,False,calling-data
2026-06-01T10:17:32.362264+02:00,Change Lumens,e798d189ab91480c2956ee832fbd0f42,2026-05-22T21:00:00,1,262.3,849,445,0-285,0,285,False,calling-data
2026-06-01T10:17:33.519937+02:00,Change Lumens,67bf5d2cdff01c95878ecb54ee9a6300,2026-05-22T21:00:00,1,262.3,849,445,0-285,0,285,False,calling-data
2026-06-01T10:17:35.706322+02:00,Change Lumens,1aa54373c6f2c0d4dcb0d9754eaf4a75,2026-05-22T21:30:00,1,280.9,756,261,0-144,0,144,False,calling-data
2026-06-01T10:17:36.873638+02:00,Change Lumens,464c67ae37ff70b1001d5a0267e49d65,2026-05-22T21:30:00,1,280.9,756,261,0-144,0,144,False,calling-data
2026-06-01T10:17:39.006954+02:00,Set lumen to 0,f00c15d6b8eb60c3f06c562981699ad2,2026-05-22T22:00:00,0,88.9,522,0,0-0,0,0,True,calling-data
2026-06-01T10:18:45.796959+02:00,Change Lumens,33a7bc9565eb579241fe9511509c3751,2026-05-23T09:00:00,1,374.8,0,463,0-948,0,948,True,calling-data
2026-06-01T10:18:46.985505+02:00,Change Lumens,566f88e425281efe9b42795beed2986a,2026-05-23T09:00:00,1,374.8,0,463,0-948,0,948,True,calling-data
2026-06-01T10:18:49.179158+02:00,Change Lumens,4612db30e93a3aab12fe5818e704a44e,2026-05-23T09:30:00,1,326.9,191,1114,0-1311,0,1311,True,calling-data
2026-06-01T10:18:50.350612+02:00,Change Lumens,58585acf3c23d3d14723f5125b3c61df,2026-05-23T10:00:00,1,309.7,745,1830,0-1441,0,1441,False,calling-data
2026-06-01T10:18:52.569764+02:00,Change Lumens,cfa393fd7ec1cc155125554a4aaad1ed,2026-05-23T10:00:00,1,309.7,745,1830,0-1441,0,1441,False,calling-data
2026-06-01T10:18:53.764171+02:00,Change Lumens,fbedb06c2692bffc8b0a29cdaa8110ef,2026-05-23T10:30:00,1,497.5,1429,1119,0-18,0,18,False,calling-data
2026-06-01T10:18:55.991000+02:00,Change Lumens,76b33788e69a5f0fd72bdfd5e0aaa527,2026-05-23T10:30:00,1,497.5,1429,1119,0-18,0,18,False,calling-data
2026-06-01T10:18:57.292546+02:00,Change Lumens,1353aaef65870b8b6dffedca547ca478,2026-05-23T11:00:00,1,352.0,690,1490,0-1121,0,1121,False,calling-data
2026-06-01T10:18:59.418965+02:00,Set lumen to 0,9c15dcfce9b20fa46eb1440a818eb10d,2026-05-23T11:30:00,0,376.7,1054,0,0-0,0,0,True,calling-data
2026-06-01T10:19:12.349597+02:00,Change Lumens,36f58b692c5c72c4acd4d69ebd0fe25a,2026-05-23T13:30:00,1,238.8,0,1783,464-1978,464,1978,True,calling-data
2026-06-01T10:19:13.539541+02:00,Change Lumens,dba1b4047c870dd1aee85b32055eeb0f,2026-05-23T13:30:00,1,238.8,0,1783,464-1978,464,1978,True,calling-data
2026-06-01T10:19:15.663114+02:00,Set lumen to 0,824e9e1ac17ccabb4ec69aaa1cdcd7ad,2026-05-23T14:00:00,0,3151.5,1221,0,0-0,0,0,True,calling-data
2026-06-01T10:19:26.360089+02:00,Change Lumens,11c98871afe653da34f7f1291b6687e7,2026-05-23T16:00:00,1,254.5,0,225,0-344,0,344,True,calling-data
2026-06-01T10:19:28.533317+02:00,Change Lumens,89339074800d45e2852ca91487823697,2026-05-23T16:00:00,1,254.5,0,225,0-344,0,344,True,calling-data
2026-06-01T10:19:38.370534+02:00,Change Lumens,d9f19cc5b76845b93432b7c0487f8d05,2026-05-23T18:00:00,1,167.3,0,427,248-1005,248,1005,True,calling-data
2026-06-01T10:19:39.536956+02:00,Change Lumens,7d03c3a806b48129f503a3de860b8352,2026-05-23T18:00:00,1,167.3,0,427,248-1005,248,1005,True,calling-data
2026-06-01T10:19:41.703911+02:00,Change Lumens,97ad53efff698c546ec050c01b23ea0b,2026-05-23T18:30:00,1,233.8,627,524,0-501,0,501,False,calling-data
2026-06-01T10:19:42.869041+02:00,Change Lumens,ef4f267ce9460aa277472e7e14b923e9,2026-05-23T18:30:00,1,233.8,627,524,0-501,0,501,False,calling-data
2026-06-01T10:19:44.995882+02:00,Set lumen to 0,7e748fb6d51d73eb756be52d8bcbaff6,2026-05-23T19:00:00,0,168.2,750,0,0-0,0,0,True,calling-data
2026-06-01T10:21:08.895889+02:00,Change Lumens,171d82ae08a7bbb12b20d8f9090ca9ed,2026-05-24T09:00:00,2,308.8,0,854,0-1448,0,1448,True,calling-data
2026-06-01T10:21:11.090531+02:00,Change Lumens,83ca42007e86851f6c8d1c8f4256f979,2026-05-24T09:00:00,2,308.8,0,854,0-1448,0,1448,True,calling-data
2026-06-01T10:21:12.276141+02:00,Change Lumens,cb3977630be2ed321381f81a8a06d58b,2026-05-24T09:30:00,2,513.9,691,85,0-0,0,0,False,calling-data
2026-06-01T10:21:14.463138+02:00,Change Lumens,c8ebd467d89ec01c56ece4bb96fcaff5,2026-05-24T10:00:00,2,250.7,0,1414,374-1888,374,1888,True,calling-data
2026-06-01T10:21:15.639095+02:00,Change Lumens,16b8f1c7329a5f5af3863a3b0f51e80b,2026-05-24T10:00:00,2,250.7,0,1414,374-1888,374,1888,True,calling-data
2026-06-01T10:21:17.819854+02:00,Change Lumens,9e126e54775dcd4af26262ced0c9f388,2026-05-24T10:30:00,2,496.4,1131,717,0-27,0,27,False,calling-data
2026-06-01T10:21:18.991183+02:00,Change Lumens,b85ed01bd6b9ac8f19fe1c60667a72f3,2026-05-24T10:30:00,2,496.4,1131,717,0-27,0,27,False,calling-data
2026-06-01T10:21:30.975700+02:00,Change Lumens,680807d3c0eac0a3bfbf984037723428,2026-05-24T12:30:00,2,281.7,0,1302,139-1653,139,1653,True,calling-data
2026-06-01T10:21:32.155153+02:00,Change Lumens,a16b849c39a8019481e3c759a7fc53d4,2026-05-24T12:30:00,2,281.7,0,1302,139-1653,139,1653,True,calling-data
2026-06-01T10:21:35.461467+02:00,Change Lumens,c9201193e147a6ca3177b7aa0d071c8f,2026-05-24T13:30:00,2,448.6,0,93,0-389,0,389,True,calling-data
2026-06-01T10:21:37.638681+02:00,Change Lumens,287e35b320f45217e379262cb40630e4,2026-05-24T13:30:00,2,448.6,0,93,0-389,0,389,True,calling-data
2026-06-01T10:21:57.230938+02:00,Change Lumens,72422a0c181e31790335874ed2e5e9f6,2026-05-24T17:00:00,2,172.8,0,558,207-963,207,963,True,calling-data
2026-06-01T10:21:58.422669+02:00,Change Lumens,d70acaadf6479829c4d2f20237418b5b,2026-05-24T17:00:00,2,172.8,0,558,207-963,207,963,True,calling-data
2026-06-01T10:22:00.614035+02:00,Change Lumens,dc493fb1d3e9ad29f14f6dd2bdc7d1d3,2026-05-24T17:30:00,2,248.3,585,420,0-391,0,391,False,calling-data
2026-06-01T10:22:01.788004+02:00,Change Lumens,d1e919d0273bc4795404bb03dc372006,2026-05-24T17:30:00,2,248.3,585,420,0-391,0,391,False,calling-data
2026-06-01T10:22:03.977692+02:00,Change Lumens,851d52e7f3e61d686c1699cca2ed5f5e,2026-05-24T18:00:00,1,114.2,598,1430,651-1407,651,1407,False,calling-data
2026-06-01T10:22:05.156067+02:00,Change Lumens,d45d31e275eb326eec9df2186f3f9309,2026-05-24T18:00:00,1,114.2,598,1430,651-1407,651,1407,False,calling-data
2026-06-01T10:22:07.329069+02:00,Change Lumens,39996a5bec944b3ba07ee237661ee9ca,2026-05-24T18:30:00,1,285.1,1627,1209,0-112,0,112,False,calling-data
2026-06-01T10:22:08.497722+02:00,Change Lumens,a9bb9ebaed8b0d6d491727438465c4f4,2026-05-24T19:00:00,1,247.5,1361,1131,0-397,0,397,False,calling-data
2026-06-01T10:22:10.670611+02:00,Change Lumens,1c03a9af4628414339d7695294522c76,2026-05-24T19:00:00,1,247.5,1361,1131,0-397,0,397,False,calling-data
2026-06-01T10:22:11.847136+02:00,Change Lumens,74868a3a3667d93ae9a17785e8923459,2026-05-24T19:30:00,2,296.4,1380,829,0-27,0,27,False,calling-data
2026-06-01T10:22:14.034760+02:00,Change Lumens,d6677d891451b0c7444a1554dc84589f,2026-05-24T19:30:00,2,296.4,1380,829,0-27,0,27,False,calling-data
2026-06-01T10:22:17.319644+02:00,Change Lumens,6d671e1eaea67cc434b6afd300b58aa5,2026-05-24T20:30:00,2,164.8,179,459,267-1024,267,1024,True,calling-data
2026-06-01T10:22:18.492971+02:00,Change Lumens,9ade9aead5b121c057e561f9b2cbca3b,2026-05-24T20:30:00,2,164.8,179,459,267-1024,267,1024,True,calling-data
2026-06-01T10:22:27.115953+02:00,Set lumen to 0,d84f375c27245cf0f8c5df6be5086573,2026-05-24T22:00:00,0,62.7,370,0,0-0,0,0,True,calling-data
2026-06-01T10:28:08.260270+02:00,Change Lumens,79c1b658f5bc4b4c38f77a04118182a9,2026-05-18T10:00:00,1,191.6,0,2336,822-2336,822,2336,True,calling-data
2026-06-01T10:28:09.678428+02:00,Change Lumens,3c824745ce26134eb17a47acb4c3f11e,2026-05-18T10:00:00,1,191.6,0,2336,822-2336,822,2336,True,calling-data
2026-06-01T10:28:10.859574+02:00,Change Lumens,c2323f4d057738db9795fd3c1b4a5bfd,2026-05-18T10:00:00,1,191.6,0,2336,822-2336,822,2336,True,calling-data
2026-06-01T10:28:12.059834+02:00,Change Lumens,91014adcc550fba6119f4e58dd26157b,2026-05-18T10:30:00,1,386.9,1579,857,0-856,0,856,False,calling-data
2026-06-01T10:28:13.243700+02:00,Change Lumens,23a5993b4c5ad690ee9e64e34a3f1f5c,2026-05-18T10:30:00,1,386.9,1579,857,0-856,0,856,False,calling-data
2026-06-01T10:28:14.416894+02:00,Change Lumens,013213bec5622dc5170efc409d7963b0,2026-05-18T11:00:00,1,478.4,1678,164,0-163,0,163,False,calling-data
2026-06-01T10:28:15.600688+02:00,Change Lumens,56281e9e94f47694f2898a16e8b1ff78,2026-05-18T11:00:00,1,478.4,1678,164,0-163,0,163,False,calling-data
2026-06-01T10:28:16.781535+02:00,Change Lumens,2a5807809fca50ab1bd0417cfb211165,2026-05-18T11:00:00,1,478.4,1678,164,0-163,0,163,False,calling-data
2026-06-01T10:35:40.347784+02:00,Change Lumens,207ec9a569b2acf8c92a24b76c247431,2026-05-21T13:00:00,2,312.6,335,1420,0-1419,0,1419,False,calling-data
2026-06-01T11:14:23.104912+02:00,Change Lumens,953a6c0e2dad288de32039671a1ef094,2026-05-18T10:00:00,1,191.6,0,2336,822-2336,822,2336,True,calling-data
2026-06-01T11:14:24.292661+02:00,Change Lumens,824c3495bf94114b1c8be2a16ba09760,2026-05-18T10:00:00,1,191.6,0,2336,822-2336,822,2336,True,calling-data
2026-06-01T11:14:25.473599+02:00,Change Lumens,e0c0f071adbb85e3265f6aaad1992a4d,2026-05-18T10:00:00,1,191.6,0,2336,822-2336,822,2336,True,calling-data
2026-06-01T11:14:26.676273+02:00,Change Lumens,e5183f038a7da01ef1fbc50d60b1e161,2026-05-18T10:30:00,1,386.9,1579,857,0-856,0,856,False,calling-data
2026-06-01T11:14:27.875563+02:00,Change Lumens,1881a937ee1a3dee7ed2bc0a67304c99,2026-05-18T10:30:00,1,386.9,1579,857,0-856,0,856,False,calling-data
2026-06-01T11:14:29.071942+02:00,Change Lumens,b1fea7fca9a114cafc3cba35ae119e19,2026-05-18T11:00:00,1,478.4,1678,164,0-163,0,163,False,calling-data
2026-06-01T11:14:30.266264+02:00,Change Lumens,c1e40e3bbcd999bcbd24c09f9c6cf2f4,2026-05-18T11:00:00,1,478.4,1678,164,0-163,0,163,False,calling-data
2026-06-01T11:14:31.441635+02:00,Change Lumens,a424c8be5992b9d5b1fb4c6852ec0fe2,2026-05-18T11:00:00,1,478.4,1678,164,0-163,0,163,False,calling-data
2026-06-01T11:14:32.626684+02:00,Change Lumens,62831e53e272b73be0bc56c251c1f5bd,2026-05-18T11:30:00,1,358.5,1084,1072,0-1072,0,1072,True,calling-data
2026-06-01T11:14:33.810962+02:00,Change Lumens,7c00738fcae64f6dd03a9199ae6cdad2,2026-05-18T11:30:00,1,358.5,1084,1072,0-1072,0,1072,True,calling-data
2026-06-01T11:14:38.384559+02:00,Change Lumens,28bb578655a873e60ec23c8391426cf9,2026-05-18T12:30:00,1,309.2,0,1446,0-1445,0,1445,False,calling-data
2026-06-01T11:14:39.561687+02:00,Change Lumens,29f1ae4e3dff36c210e46f7cae381c24,2026-05-18T12:30:00,1,309.2,0,1446,0-1445,0,1445,False,calling-data
2026-06-01T11:14:40.757915+02:00,Change Lumens,6c200168315a2234084bef4918a1e53d,2026-05-18T12:30:00,1,309.2,0,1446,0-1445,0,1445,False,calling-data
2026-06-01T11:14:44.213479+02:00,Change Lumens,c87f349a8d187b1cc6ae77ff42bbcd2b,2026-05-18T13:30:00,1,429.5,0,534,0-534,0,534,True,calling-data
2026-06-01T11:14:45.382186+02:00,Change Lumens,2f6742001482c5e4db93b1b94bce8f7f,2026-05-18T13:30:00,1,429.5,0,534,0-534,0,534,True,calling-data
2026-06-01T11:14:46.555108+02:00,Change Lumens,d3511420c66182bb2c62c5caab08c476,2026-05-18T13:30:00,1,429.5,0,534,0-534,0,534,True,calling-data
2026-06-01T11:15:05.772466+02:00,Change Lumens,044af4235f5ab365eebceb1353651889,2026-05-18T17:00:00,2,219.7,606,608,0-608,0,608,True,calling-data
2026-06-01T11:15:07.168887+02:00,Change Lumens,87a588e2339088c51fd628e6406bb3b5,2026-05-18T17:00:00,2,219.7,606,608,0-608,0,608,True,calling-data
2026-06-01T11:15:09.476162+02:00,Change Lumens,af44408ced091810c1a50a63d32f2a12,2026-05-18T17:42:49,,,,1336,,,,,calling-data
2026-06-01T11:15:10.637025+02:00,Change Lumens,6e1d330a31ba3ef29ca147ce5bd6a8ae,2026-05-18T17:42:49,,,,1336,,,,,calling-data
2026-06-01T11:15:11.815809+02:00,Change Lumens,4087a6e2885ec804fd6f309b2be655a7,2026-05-18T18:00:00,3,29.3,0,2051,1294-2050,1294,2050,False,calling-data
2026-06-01T11:15:12.981767+02:00,Change Lumens,d7ecb0aaee5986473209e0a405deacae,2026-05-18T18:00:00,3,29.3,0,2051,1294-2050,1294,2050,False,calling-data
2026-06-01T11:15:17.500640+02:00,Change Lumens,e5d60b0d8c1e40f0edb8ab6059a956f2,2026-05-18T19:00:00,2,215.9,509,637,0-637,0,637,True,calling-data
2026-06-01T11:15:18.673690+02:00,Change Lumens,7cdb261345608f177d603e181d045a85,2026-05-18T19:00:00,2,215.9,509,637,0-637,0,637,True,calling-data
2026-06-01T11:15:19.841875+02:00,Change Lumens,804ccbb08e52ca9943f9ab492707aeaf,2026-05-18T19:30:00,1,213.5,767,655,0-655,0,655,True,calling-data
2026-06-01T11:15:21.004316+02:00,Change Lumens,ce8a52029f890bd1e81b40b7a6d3ad48,2026-05-18T19:30:00,1,213.5,767,655,0-655,0,655,True,calling-data
2026-06-01T11:15:22.173911+02:00,Change Lumens,2d1d1efc835b41285a1be24bb233b2a6,2026-05-18T19:30:00,1,213.5,767,655,0-655,0,655,True,calling-data
2026-06-01T11:15:23.346132+02:00,Change Lumens,d0a4abb9413b01bbd79e2f5eb27723a2,2026-05-18T20:00:00,1,248.0,1043,394,0-393,0,393,False,calling-data
2026-06-01T11:15:24.509403+02:00,Change Lumens,253d9fb545f03cae282c3e3a46b3ad23,2026-05-18T20:00:00,1,248.0,1043,394,0-393,0,393,False,calling-data
2026-06-01T11:15:25.677863+02:00,Change Lumens,55ae2d8140a3cdd025f2881658a4485b,2026-05-18T20:00:00,1,248.0,1043,394,0-393,0,393,False,calling-data
2026-06-01T11:15:26.852512+02:00,Change Lumens,efc3700df6841e35224497340e4d8676,2026-05-18T20:30:00,1,190.4,1058,830,73-830,73,830,True,calling-data
2026-06-01T11:15:28.041440+02:00,Change Lumens,2ac87bb48dd3dfa9dedab15ce8a699da,2026-05-18T20:30:00,1,190.4,1058,830,73-830,73,830,True,calling-data
2026-06-01T11:15:30.460658+02:00,Change Lumens,91448afd7514e231e74df68b04356ceb,2026-05-18T21:00:00,1,280.7,1509,146,0-146,0,146,True,calling-data
2026-06-01T11:15:31.630768+02:00,Change Lumens,0a3473358ce96374904942718ad803c4,2026-05-18T21:00:00,1,280.7,1509,146,0-146,0,146,True,calling-data
2026-06-01T11:15:33.811812+02:00,Change Lumens,ea019545bd5221ca273d471332c107db,2026-05-18T21:30:00,2,241.3,1277,445,0-444,0,444,False,calling-data
2026-06-01T11:15:34.946309+02:00,Set lumen to 0,01d53aab1eac31f7c50fcec086a7997c,2026-05-18T22:00:00,0,199.4,1343,0,0-0,0,0,True,calling-data
2026-06-01T11:17:31.114729+02:00,Change Lumens,91970c9fa57728ede6fe3bc92f6b7c00,2026-05-18T10:00:00,1,191.6,0,2336,822-2336,822,2336,True,calling-data
2026-06-01T11:17:32.305352+02:00,Change Lumens,a75133ac251855f560df545f7408efec,2026-05-18T10:00:00,1,191.6,0,2336,822-2336,822,2336,True,calling-data
2026-06-01T11:17:33.501867+02:00,Change Lumens,e57c0c32b47e4f1ad48ce3ea6d167bc9,2026-05-18T10:30:00,1,386.9,1579,857,0-856,0,856,False,calling-data
2026-06-01T11:17:34.670295+02:00,Change Lumens,8c10249c2320993814f1b698afc166fb,2026-05-18T10:30:00,1,386.9,1579,857,0-856,0,856,False,calling-data
2026-06-01T11:17:35.866258+02:00,Change Lumens,6241047120856bdb6868bdaf0698d0fa,2026-05-18T10:30:00,1,386.9,1579,857,0-856,0,856,False,calling-data
2026-06-01T11:17:37.046870+02:00,Change Lumens,4dd30fda6def8c8d253bae749ac38f43,2026-05-18T11:00:00,1,478.4,1678,164,0-163,0,163,False,calling-data
2026-06-01T11:17:38.221114+02:00,Change Lumens,8f4a0f34c0086e875d109778ab26ab09,2026-05-18T11:00:00,1,478.4,1678,164,0-163,0,163,False,calling-data
2026-06-01T11:17:39.405613+02:00,Change Lumens,d5158cd46e10314756a998abb7d9c696,2026-05-18T11:00:00,1,478.4,1678,164,0-163,0,163,False,calling-data
2026-06-01T11:17:40.570261+02:00,Change Lumens,59999a013cd98e1ce8353237cbeb5838,2026-05-18T11:30:00,1,358.5,1084,1072,0-1072,0,1072,True,calling-data
2026-06-01T11:17:41.752838+02:00,Change Lumens,cb74f10698f47adaf7485a35ba1893e7,2026-05-18T11:30:00,1,358.5,1084,1072,0-1072,0,1072,True,calling-data
2026-06-01T11:17:46.312486+02:00,Change Lumens,3ca1bde9cdb73732b3de5fcb50fee4e7,2026-05-18T12:30:00,1,309.2,0,1446,0-1445,0,1445,False,calling-data
2026-06-01T11:17:47.496848+02:00,Change Lumens,0bd7fc7e88c0ce0204979b36ab13be50,2026-05-18T12:30:00,1,309.2,0,1446,0-1445,0,1445,False,calling-data
2026-06-01T11:17:52.085625+02:00,Change Lumens,023be8f5db6ff66dd748ac138528ed70,2026-05-18T13:30:00,1,429.5,0,534,0-534,0,534,True,calling-data
2026-06-01T11:17:53.247015+02:00,Change Lumens,547c80b6fbae531c4f1af44ad502e03d,2026-05-18T13:30:00,1,429.5,0,534,0-534,0,534,True,calling-data
2026-06-01T11:17:54.432636+02:00,Change Lumens,5140d952fb1c0d05aec7a176f542f6fe,2026-05-18T13:30:00,1,429.5,0,534,0-534,0,534,True,calling-data
2026-06-01T11:18:12.525681+02:00,Change Lumens,1a0d30731381e9d063b6c427f9e8609c,2026-05-18T17:00:00,2,219.7,606,608,0-608,0,608,True,calling-data
2026-06-01T11:18:13.699713+02:00,Change Lumens,cd670ad3ff49accbc1bd899c6e92133f,2026-05-18T17:00:00,2,219.7,606,608,0-608,0,608,True,calling-data
2026-06-01T11:18:14.896657+02:00,Change Lumens,e2ddfa69aa83a32d437b98ca046ae5ff,2026-05-18T17:00:00,2,219.7,606,608,0-608,0,608,True,calling-data
2026-06-01T11:18:17.219442+02:00,Change Lumens,1f94c76fa8c314df7743eb1c20bb6616,2026-05-18T17:42:49,,,,1336,,,,,calling-data
2026-06-01T11:18:18.404062+02:00,Change Lumens,9dcd0972adef5ee7186f8492272b19e9,2026-05-18T17:42:49,,,,1336,,,,,calling-data
2026-06-01T11:18:19.560062+02:00,Change Lumens,569eb47844aad83aa41ae6cc22a07c1c,2026-05-18T18:00:00,3,29.3,0,2051,1294-2050,1294,2050,False,calling-data
2026-06-01T11:18:20.738640+02:00,Change Lumens,3c3fe3d809418ffa6d4ab1804b2c5ed0,2026-05-18T18:00:00,3,29.3,0,2051,1294-2050,1294,2050,False,calling-data
2026-06-01T11:18:25.257260+02:00,Change Lumens,ce7aac4ceb67c4ecfd5f0b9b6298e04d,2026-05-18T19:00:00,2,215.9,509,637,0-637,0,637,True,calling-data
2026-06-01T11:18:26.434764+02:00,Change Lumens,f63a45f0ccce276f9c738393a1738091,2026-05-18T19:00:00,2,215.9,509,637,0-637,0,637,True,calling-data
2026-06-01T11:18:27.601865+02:00,Change Lumens,5143a5afabce32766c613b5bd61530a0,2026-05-18T19:30:00,1,213.5,767,655,0-655,0,655,True,calling-data
2026-06-01T11:18:28.769046+02:00,Change Lumens,891ef6403a402e7e0058e95301db83a4,2026-05-18T19:30:00,1,213.5,767,655,0-655,0,655,True,calling-data
2026-06-01T11:18:29.936888+02:00,Change Lumens,35b9c19fd9f35be9f9cd0ba94d738ccf,2026-05-18T19:30:00,1,213.5,767,655,0-655,0,655,True,calling-data
2026-06-01T11:18:31.106134+02:00,Change Lumens,14e8f431cc03e617855494c3d3408b97,2026-05-18T20:00:00,1,248.0,1043,394,0-393,0,393,False,calling-data
2026-06-01T11:18:32.282424+02:00,Change Lumens,e41a259450ce789bb5aafeb3315fc7d7,2026-05-18T20:00:00,1,248.0,1043,394,0-393,0,393,False,calling-data
2026-06-01T11:18:33.469870+02:00,Change Lumens,e40d1fe7933c9236bfc3acc810bc7579,2026-05-18T20:30:00,1,190.4,1058,830,73-830,73,830,True,calling-data
2026-06-01T11:18:34.632985+02:00,Change Lumens,89f7efbc6e7365a6e3ff8b42cf7696a1,2026-05-18T20:30:00,1,190.4,1058,830,73-830,73,830,True,calling-data
2026-06-01T11:18:35.800988+02:00,Change Lumens,5b4300210a298c6d23d0dfff8f582f82,2026-05-18T20:30:00,1,190.4,1058,830,73-830,73,830,True,calling-data
2026-06-01T11:18:36.966015+02:00,Change Lumens,b7208134b4753741f5ef43907a109b03,2026-05-18T21:00:00,1,280.7,1509,146,0-146,0,146,True,calling-data
2026-06-01T11:18:39.135169+02:00,Change Lumens,10340e9b3183c4dc8ad92f44c3c23770,2026-05-18T21:00:00,1,280.7,1509,146,0-146,0,146,True,calling-data
2026-06-01T11:18:40.317590+02:00,Change Lumens,168052b7619d20e8d5faedd8d0d86a39,2026-05-18T21:30:00,2,241.3,1277,445,0-444,0,444,False,calling-data
2026-06-01T11:18:42.446027+02:00,Set lumen to 0,a4e9110c2907b5948812e0ac984bf3a9,2026-05-18T22:00:00,0,199.4,1343,0,0-0,0,0,True,calling-data
2026-06-01T11:19:52.171424+02:00,Change Lumens,4d9b28257c21023245c2561244c267bd,2026-05-19T09:31:54,,,,1144,,,,,calling-data
